1;1;(0.44772255420684814, 0.3144839406013489);(0.4445918798446655, 0.32226479053497314);5668412125;nan;nan
0;1;(nan, nan);(0.44510090351104736, 0.32221633195877075);5668420457;nan;nan
0;1;(nan, nan);(0.4468580186367035, 0.32590770721435547);5668428756;nan;3.211700439453125
0;1;(nan, nan);(0.44576895236968994, 0.3217349648475647);5668437081;nan;nan
1;1;(0.4427531659603119, 0.31465572118759155);(0.44645601511001587, 0.3262898027896881);5668445475;nan;nan
0;0;(nan, nan);(nan, nan);5668453788;nan;nan
0;1;(nan, nan);(0.44794443249702454, 0.33208948373794556);5668462099;nan;nan
0;1;(nan, nan);(0.4113708734512329, 0.3257026970386505);5668470417;nan;nan
0;1;(nan, nan);(0.3701610267162323, 0.3246265649795532);5668478740;nan;3.2694091796875
0;0;(nan, nan);(nan, nan);5668487117;nan;nan
0;1;(nan, nan);(0.36809712648391724, 0.31838300824165344);5668495417;nan;nan
0;1;(nan, nan);(0.3704809546470642, 0.3172581195831299);5668503741;nan;3.06402587890625
0;0;(nan, nan);(nan, nan);5668512079;nan;nan
0;1;(nan, nan);(0.35947418212890625, 0.3269713521003723);5668520462;nan;nan
0;1;(nan, nan);(0.36043787002563477, 0.3277774751186371);5668528726;nan;3.0018310546875
0;0;(nan, nan);(nan, nan);5668537071;nan;nan
0;1;(nan, nan);(0.3591511845588684, 0.32090216875076294);5668545389;nan;nan
1;1;(0.39966654777526855, 0.371886670589447);(0.3579897880554199, 0.31662964820861816);5668553774;2.4924163818359375;2.9259490966796875
0;1;(nan, nan);(0.36015915870666504, 0.3206782937049866);5668562055;nan;nan
0;1;(nan, nan);(0.36015915870666504, 0.3206782937049866);5668570438;nan;nan
0;1;(nan, nan);(0.3587876558303833, 0.326362669467926);5668578707;nan;2.996002197265625
0;1;(nan, nan);(0.3559601902961731, 0.3271249532699585);5668587038;nan;nan
0;1;(nan, nan);(0.3536682426929474, 0.30882811546325684);5668595374;nan;nan
0;1;(nan, nan);(0.3568487763404846, 0.3200073838233948);5668603708;nan;2.8140869140625
0;1;(nan, nan);(0.3568307161331177, 0.32272323966026306);5668612094;nan;nan
0;1;(nan, nan);(0.3578905165195465, 0.3265281021595001);5668620380;nan;nan
0;1;(nan, nan);(0.3542211353778839, 0.3189467787742615);5668628784;nan;2.681182861328125
0;1;(nan, nan);(0.3542288541793823, 0.31905531883239746);5668637039;nan;nan
0;1;(nan, nan);(0.3526110351085663, 0.32071495056152344);5668645383;nan;nan
0;0;(nan, nan);(nan, nan);5668653776;nan;nan
0;1;(nan, nan);(0.3525794744491577, 0.3207131624221802);5668662069;nan;nan
0;1;(nan, nan);(0.35673201084136963, 0.3180709183216095);5668670411;nan;nan
0;1;(nan, nan);(0.3583756685256958, 0.3179253339767456);5668678739;nan;3.108245849609375
0;1;(nan, nan);(0.3558560013771057, 0.31248849630355835);5668687085;nan;nan
0;1;(nan, nan);(0.3530293107032776, 0.31070709228515625);5668695456;nan;nan
0;1;(nan, nan);(0.3530293107032776, 0.31070709228515625);5668703737;nan;3.3483428955078125
0;1;(nan, nan);(0.35612452030181885, 0.3168603777885437);5668712045;nan;nan
0;1;(nan, nan);(0.35677528381347656, 0.31512701511383057);5668720385;nan;nan
0;0;(nan, nan);(nan, nan);5668728789;nan;nan
0;1;(nan, nan);(0.3572654128074646, 0.3169129490852356);5668737065;nan;nan
0;0;(nan, nan);(nan, nan);5668745397;nan;nan
0;0;(nan, nan);(nan, nan);5668753730;nan;nan
1;0;(0.36326315999031067, 0.3236270844936371);(nan, nan);5668762057;nan;nan
0;1;(nan, nan);(0.35857459902763367, 0.30921095609664917);5668770389;nan;nan
0;0;(nan, nan);(nan, nan);5668778765;nan;nan
1;0;(0.36269789934158325, 0.3201000690460205);(nan, nan);5668787052;nan;nan
0;1;(nan, nan);(0.3579859733581543, 0.290727436542511);5668795426;nan;nan
0;0;(nan, nan);(nan, nan);5668803697;nan;nan
1;0;(0.36959391832351685, 0.325429767370224);(nan, nan);5668812057;nan;nan
0;1;(nan, nan);(0.35446348786354065, 0.30863434076309204);5668820431;nan;nan
0;1;(nan, nan);(0.35446348786354065, 0.30863434076309204);5668828698;nan;3.3411865234375
1;0;(0.37295758724212646, 0.31766757369041443);(nan, nan);5668837051;nan;nan
0;1;(nan, nan);(0.35409390926361084, 0.30792149901390076);5668845403;nan;nan
0;0;(nan, nan);(nan, nan);5668853730;nan;nan
1;0;(0.3635062277317047, 0.3171343207359314);(nan, nan);5668862032;nan;nan
0;1;(nan, nan);(0.35576748847961426, 0.31380414962768555);5668870385;nan;nan
0;0;(nan, nan);(nan, nan);5668878695;nan;nan
0;1;(nan, nan);(0.35631322860717773, 0.31098276376724243);5668887134;nan;nan
1;0;(0.36611855030059814, 0.31506407260894775);(nan, nan);5668895376;nan;nan
0;0;(nan, nan);(nan, nan);5668903693;nan;nan
1;0;(0.3661864399909973, 0.31054580211639404);(nan, nan);5668912082;nan;nan
0;1;(nan, nan);(0.3563128709793091, 0.3085993528366089);5668920375;nan;nan
0;1;(nan, nan);(0.3562853932380676, 0.30855679512023926);5668928737;nan;4.614776611328125
1;0;(0.3664633631706238, 0.31903916597366333);(nan, nan);5668937053;nan;nan
0;1;(nan, nan);(0.35353103280067444, 0.3080856204032898);5668945475;nan;nan
0;0;(nan, nan);(nan, nan);5668953710;nan;nan
1;0;(0.3641549348831177, 0.31952059268951416);(nan, nan);5668962029;nan;nan
0;1;(nan, nan);(0.37660953402519226, 0.36278843879699707);5668970432;nan;nan
0;0;(nan, nan);(nan, nan);5668978695;nan;nan
1;0;(0.3683913052082062, 0.4875389635562897);(nan, nan);5668987028;nan;nan
0;1;(nan, nan);(0.3606555461883545, 0.5240715146064758);5668995400;nan;nan
0;0;(nan, nan);(nan, nan);5669003691;nan;nan
0;0;(nan, nan);(nan, nan);5669012042;nan;nan
0;0;(nan, nan);(nan, nan);5669020373;nan;nan
0;0;(nan, nan);(nan, nan);5669028706;nan;nan
0;0;(nan, nan);(nan, nan);5669037082;nan;nan
0;0;(nan, nan);(nan, nan);5669045379;nan;nan
0;0;(nan, nan);(nan, nan);5669053684;nan;nan
0;0;(nan, nan);(nan, nan);5669062007;nan;nan
0;0;(nan, nan);(nan, nan);5669070344;nan;nan
0;0;(nan, nan);(nan, nan);5669078671;nan;nan
0;0;(nan, nan);(nan, nan);5669087008;nan;nan
0;0;(nan, nan);(nan, nan);5669095341;nan;nan
0;0;(nan, nan);(nan, nan);5669103668;nan;nan
0;0;(nan, nan);(nan, nan);5669112057;nan;nan
0;0;(nan, nan);(nan, nan);5669120416;nan;nan
0;0;(nan, nan);(nan, nan);5669128667;nan;nan
0;1;(nan, nan);(0.3581651747226715, 0.604895830154419);5669137001;nan;nan
1;0;(0.3804360032081604, 0.597885251045227);(nan, nan);5669145342;nan;nan
0;0;(nan, nan);(nan, nan);5669153684;nan;nan
1;0;(0.3772718608379364, 0.5973354578018188);(nan, nan);5669162018;nan;nan
1;0;(0.37602901458740234, 0.5873947143554688);(nan, nan);5669170354;nan;nan
0;0;(nan, nan);(nan, nan);5669178681;nan;nan
1;0;(0.3766002357006073, 0.5826183557510376);(nan, nan);5669187016;nan;nan
1;0;(0.3789958953857422, 0.5866466164588928);(nan, nan);5669195350;nan;nan
0;0;(nan, nan);(nan, nan);5669203676;nan;nan
1;0;(0.3795681595802307, 0.5871115326881409);(nan, nan);5669212007;nan;nan
1;0;(0.37840816378593445, 0.5924541354179382);(nan, nan);5669220341;nan;nan
0;0;(nan, nan);(nan, nan);5669228659;nan;nan
1;0;(0.3760831356048584, 0.5882569551467896);(nan, nan);5669237024;nan;nan
1;0;(0.37620818614959717, 0.5848928689956665);(nan, nan);5669245384;nan;nan
0;0;(nan, nan);(nan, nan);5669253658;nan;nan
1;0;(0.3777662515640259, 0.5891076326370239);(nan, nan);5669261989;nan;nan
1;0;(0.3784346580505371, 0.5930194854736328);(nan, nan);5669270338;nan;nan
0;0;(nan, nan);(nan, nan);5669278665;nan;nan
1;0;(0.3756396770477295, 0.5921752452850342);(nan, nan);5669287000;nan;nan
0;0;(nan, nan);(nan, nan);5669295333;nan;nan
0;0;(nan, nan);(nan, nan);5669303644;nan;nan
1;0;(0.380706787109375, 0.5969321727752686);(nan, nan);5669311975;nan;nan
1;0;(0.38119491934776306, 0.5903515815734863);(nan, nan);5669320329;nan;nan
0;0;(nan, nan);(nan, nan);5669328643;nan;nan
1;0;(0.3779943883419037, 0.5822741985321045);(nan, nan);5669336973;nan;nan
1;0;(0.37617063522338867, 0.5832326412200928);(nan, nan);5669345311;nan;nan
0;0;(nan, nan);(nan, nan);5669353639;nan;nan
1;0;(0.3755113482475281, 0.5928609371185303);(nan, nan);5669361972;nan;nan
1;0;(0.3739877939224243, 0.6052587032318115);(nan, nan);5669370335;nan;nan
0;0;(nan, nan);(nan, nan);5669378654;nan;nan
1;0;(0.3705831468105316, 0.5956730842590332);(nan, nan);5669386989;nan;nan
1;0;(0.37445586919784546, 0.5921850204467773);(nan, nan);5669395318;nan;nan
0;0;(nan, nan);(nan, nan);5669403696;nan;nan
1;0;(0.376140832901001, 0.5872194766998291);(nan, nan);5669411965;nan;nan
1;0;(0.37252897024154663, 0.5810465812683105);(nan, nan);5669420319;nan;nan
0;0;(nan, nan);(nan, nan);5669428642;nan;nan
1;0;(0.3764990270137787, 0.5628737807273865);(nan, nan);5669437021;nan;nan
1;0;(0.37170690298080444, 0.5075089931488037);(nan, nan);5669445363;nan;nan
0;0;(nan, nan);(nan, nan);5669453628;nan;nan
1;0;(0.3482634127140045, 0.47997546195983887);(nan, nan);5669461960;nan;nan
1;0;(0.3245159983634949, 0.45648929476737976);(nan, nan);5669470297;nan;nan
0;0;(nan, nan);(nan, nan);5669478626;nan;nan
1;0;(0.29919344186782837, 0.44697850942611694);(nan, nan);5669486979;nan;nan
1;0;(0.2836020588874817, 0.4455622434616089);(nan, nan);5669495317;nan;nan
0;0;(nan, nan);(nan, nan);5669503626;nan;nan
1;0;(0.28002119064331055, 0.43718135356903076);(nan, nan);5669511966;nan;nan
1;0;(0.2785162031650543, 0.4340953230857849);(nan, nan);5669520293;nan;nan
0;0;(nan, nan);(nan, nan);5669528620;nan;nan
1;0;(0.2804892957210541, 0.4350655674934387);(nan, nan);5669537023;nan;nan
1;0;(0.2792571783065796, 0.4374322295188904);(nan, nan);5669545292;nan;nan
0;0;(nan, nan);(nan, nan);5669553621;nan;nan
1;0;(0.27853310108184814, 0.43588894605636597);(nan, nan);5669561989;nan;nan
1;0;(0.27635568380355835, 0.43537694215774536);(nan, nan);5669570290;nan;nan
0;0;(nan, nan);(nan, nan);5669578684;nan;nan
1;0;(0.2751803398132324, 0.4311242997646332);(nan, nan);5669586951;nan;nan
1;0;(0.27735593914985657, 0.4093833565711975);(nan, nan);5669595288;nan;nan
0;0;(nan, nan);(nan, nan);5669603616;nan;nan
1;0;(0.2752109169960022, 0.35977545380592346);(nan, nan);5669611969;nan;nan
0;0;(nan, nan);(nan, nan);5669620304;nan;nan
0;0;(nan, nan);(nan, nan);5669628637;nan;nan
1;0;(0.2768750786781311, 0.36145898699760437);(nan, nan);5669636961;nan;nan
1;0;(0.27400797605514526, 0.34876757860183716);(nan, nan);5669645287;nan;nan
0;0;(nan, nan);(nan, nan);5669653614;nan;nan
1;0;(0.2741031050682068, 0.366752028465271);(nan, nan);5669661965;nan;nan
1;0;(0.2721371650695801, 0.3734888434410095);(nan, nan);5669670306;nan;nan
0;0;(nan, nan);(nan, nan);5669678665;nan;nan
0;0;(nan, nan);(nan, nan);5669686950;nan;nan
1;0;(0.2717335522174835, 0.37146425247192383);(nan, nan);5669695294;nan;nan
0;0;(nan, nan);(nan, nan);5669703722;nan;nan
1;0;(0.3009767234325409, 0.3629283905029297);(nan, nan);5669711938;nan;nan
1;0;(0.36015069484710693, 0.3751712441444397);(nan, nan);5669720273;nan;nan
0;0;(nan, nan);(nan, nan);5669728605;nan;nan
0;0;(nan, nan);(nan, nan);5669736979;nan;nan
1;0;(0.38367122411727905, 0.38275977969169617);(nan, nan);5669745342;nan;nan
0;0;(nan, nan);(nan, nan);5669753643;nan;nan
0;0;(nan, nan);(nan, nan);5669761978;nan;nan
1;0;(0.4292724132537842, 0.3880378305912018);(nan, nan);5669770302;nan;nan
1;0;(0.4487195611000061, 0.4498162865638733);(nan, nan);5669778600;3.1937103271484375;nan
0;0;(nan, nan);(nan, nan);5669786954;nan;nan
1;0;(0.45152461528778076, 0.4501914083957672);(nan, nan);5669795350;nan;nan
1;0;(0.43926388025283813, 0.3922179937362671);(nan, nan);5669803676;2.71484375;nan
0;0;(nan, nan);(nan, nan);5669811939;nan;nan
1;0;(0.4372286796569824, 0.3968256115913391);(nan, nan);5669820275;nan;nan
0;0;(nan, nan);(nan, nan);5669828593;nan;nan
0;0;(nan, nan);(nan, nan);5669836965;nan;nan
1;1;(0.4401717483997345, 0.3967980444431305);(0.0705467164516449, 0.22947213053703308);5669845269;nan;nan
1;0;(0.45032382011413574, 0.4902448058128357);(nan, nan);5669853590;3.4589385986328125;nan
0;0;(nan, nan);(nan, nan);5669861933;nan;nan
1;0;(0.44706082344055176, 0.48831021785736084);(nan, nan);5669870270;nan;nan
1;0;(0.43238669633865356, 0.3968399167060852);(nan, nan);5669878594;2.77105712890625;nan
0;0;(nan, nan);(nan, nan);5669886967;nan;nan
1;1;(0.4367963969707489, 0.39427390694618225);(0.08037307113409042, 0.23225952684879303);5669895285;nan;nan
0;0;(nan, nan);(nan, nan);5669903587;nan;nan
0;0;(nan, nan);(nan, nan);5669911929;nan;nan
1;0;(0.4339979887008667, 0.3959534168243408);(nan, nan);5669920258;nan;nan
0;0;(nan, nan);(nan, nan);5669928676;nan;nan
0;0;(nan, nan);(nan, nan);5669936988;nan;nan
1;0;(0.43355756998062134, 0.40357211232185364);(nan, nan);5669945254;nan;nan
1;0;(0.43453294038772583, 0.40725046396255493);(nan, nan);5669953582;3.13360595703125;nan
0;0;(nan, nan);(nan, nan);5669961915;nan;nan
1;1;(0.43008458614349365, 0.3952621519565582);(0.08693490922451019, 0.24382568895816803);5669970287;nan;nan
1;0;(0.42960482835769653, 0.39279627799987793);(nan, nan);5669978580;3.04339599609375;nan
0;0;(nan, nan);(nan, nan);5669986914;nan;nan
1;1;(0.43171411752700806, 0.38124191761016846);(0.08738274872303009, 0.22956444323062897);5669995251;nan;nan
0;0;(nan, nan);(nan, nan);5670003580;nan;nan
0;0;(nan, nan);(nan, nan);5670011932;nan;nan
1;0;(0.4341048002243042, 0.3834945261478424);(nan, nan);5670020268;nan;nan
0;0;(nan, nan);(nan, nan);5670028580;nan;nan
0;0;(nan, nan);(nan, nan);5670036920;nan;nan
1;0;(0.43042460083961487, 0.36300361156463623);(nan, nan);5670045247;nan;nan
1;0;(0.43230676651000977, 0.3646470904350281);(nan, nan);5670053577;3.030181884765625;nan
0;0;(nan, nan);(nan, nan);5670061927;nan;nan
1;0;(0.4356061816215515, 0.3697691857814789);(nan, nan);5670070255;nan;nan
1;0;(0.4339532256126404, 0.3757791519165039);(nan, nan);5670078584;3.2431182861328125;nan
0;0;(nan, nan);(nan, nan);5670086965;nan;nan
1;1;(0.43297624588012695, 0.37912487983703613);(0.08664701133966446, 0.28003713488578796);5670095260;nan;nan
0;0;(nan, nan);(nan, nan);5670103593;nan;nan
0;0;(nan, nan);(nan, nan);5670111924;nan;nan
1;1;(0.4305828809738159, 0.3900870084762573);(0.11139640212059021, 0.289084792137146);5670120257;nan;nan
1;0;(0.4312923550605774, 0.37521854043006897);(nan, nan);5670128570;3.1030731201171875;nan
0;0;(nan, nan);(nan, nan);5670136905;nan;nan
1;0;(0.4331114888191223, 0.35124051570892334);(nan, nan);5670145270;nan;nan
1;0;(0.43123823404312134, 0.3387228548526764);(nan, nan);5670153569;2.9891204833984375;nan
0;0;(nan, nan);(nan, nan);5670161921;nan;nan
1;1;(0.4323243200778961, 0.33972638845443726);(0.11749538034200668, 0.26579347252845764);5670170257;nan;nan
1;0;(0.43242955207824707, 0.3454910218715668);(nan, nan);5670178628;3.0104522705078125;nan
0;0;(nan, nan);(nan, nan);5670186922;nan;nan
1;1;(0.43363913893699646, 0.35369551181793213);(0.11732570827007294, 0.279494971036911);5670195235;nan;nan
0;0;(nan, nan);(nan, nan);5670203564;nan;nan
0;0;(nan, nan);(nan, nan);5670211917;nan;nan
1;1;(0.4350747764110565, 0.3499222993850708);(0.10255670547485352, 0.29880401492118835);5670220254;nan;nan
0;0;(nan, nan);(nan, nan);5670228625;nan;nan
0;0;(nan, nan);(nan, nan);5670236964;nan;nan
1;0;(0.43431147933006287, 0.3510798513889313);(nan, nan);5670245287;nan;nan
1;0;(0.44013115763664246, 0.371431827545166);(nan, nan);5670253563;3.1446380615234375;nan
0;0;(nan, nan);(nan, nan);5670261917;nan;nan
1;0;(0.44194018840789795, 0.3772793412208557);(nan, nan);5670270294;nan;nan
1;0;(0.43860235810279846, 0.3659130930900574);(nan, nan);5670278560;2.8628692626953125;nan
0;0;(nan, nan);(nan, nan);5670286900;nan;nan
1;1;(0.4372255802154541, 0.3600384294986725);(0.08516453951597214, 0.2685787081718445);5670295232;nan;nan
0;0;(nan, nan);(nan, nan);5670303557;nan;nan
0;0;(nan, nan);(nan, nan);5670311910;nan;nan
1;0;(0.4408923387527466, 0.3711376488208771);(nan, nan);5670320233;nan;nan
0;0;(nan, nan);(nan, nan);5670328553;nan;nan
0;0;(nan, nan);(nan, nan);5670336887;nan;nan
1;1;(0.44013237953186035, 0.36581727862358093);(0.15839557349681854, 0.31903576850891113);5670345223;nan;nan
0;0;(nan, nan);(nan, nan);5670353552;nan;nan
0;0;(nan, nan);(nan, nan);5670361905;nan;nan
1;1;(0.43682122230529785, 0.3652767539024353);(0.09359917789697647, 0.29701152443885803);5670370246;nan;nan
1;0;(0.4403071403503418, 0.3791421949863434);(nan, nan);5670378553;3.0385894775390625;nan
0;0;(nan, nan);(nan, nan);5670386882;nan;nan
1;0;(0.43985915184020996, 0.3746582567691803);(nan, nan);5670395217;nan;nan
1;0;(0.43919673562049866, 0.3728022277355194);(nan, nan);5670403604;2.9348602294921875;nan
1;0;(0.43634462356567383, 0.406861811876297);(nan, nan);5670411916;nan;nan
1;0;(0.42512932419776917, 0.4790222644805908);(nan, nan);5670420215;nan;nan
0;0;(nan, nan);(nan, nan);5670428577;nan;nan
1;0;(0.430925577878952, 0.5315697193145752);(nan, nan);5670436903;nan;nan
1;0;(0.4379352927207947, 0.5560694932937622);(nan, nan);5670445229;nan;nan
0;0;(nan, nan);(nan, nan);5670453549;nan;nan
1;0;(0.4211389422416687, 0.5669001340866089);(nan, nan);5670461938;nan;nan
1;0;(0.41724148392677307, 0.5819836854934692);(nan, nan);5670470240;nan;nan
0;0;(nan, nan);(nan, nan);5670478538;nan;nan
1;0;(0.42004328966140747, 0.5776004791259766);(nan, nan);5670486892;nan;nan
1;0;(0.41834861040115356, 0.5811998248100281);(nan, nan);5670495229;nan;nan
0;0;(nan, nan);(nan, nan);5670503540;nan;nan
1;0;(0.41250479221343994, 0.578758955001831);(nan, nan);5670511878;nan;nan
1;0;(0.4154282808303833, 0.5749960541725159);(nan, nan);5670520203;nan;nan
0;0;(nan, nan);(nan, nan);5670528572;nan;nan
1;0;(0.4127340614795685, 0.5518909692764282);(nan, nan);5670536875;nan;nan
1;1;(0.41232019662857056, 0.5544925928115845);(0.21352751553058624, 0.47707676887512207);5670545202;nan;nan
0;0;(nan, nan);(nan, nan);5670553536;nan;nan
1;0;(0.4193035364151001, 0.5775065422058105);(nan, nan);5670561884;nan;nan
1;0;(0.419788658618927, 0.5753840208053589);(nan, nan);5670570195;nan;nan
0;0;(nan, nan);(nan, nan);5670578528;nan;nan
1;0;(0.42132967710494995, 0.5823116302490234);(nan, nan);5670586940;nan;nan
1;1;(0.418881893157959, 0.58251953125);(0.20601990818977356, 0.48669201135635376);5670595199;nan;nan
0;0;(nan, nan);(nan, nan);5670603525;nan;nan
1;0;(0.41401052474975586, 0.5698561668395996);(nan, nan);5670611879;nan;nan
1;1;(0.4154006838798523, 0.5755103230476379);(0.18100008368492126, 0.4843537509441376);5670620215;nan;nan
0;0;(nan, nan);(nan, nan);5670628533;nan;nan
1;0;(0.4150356650352478, 0.5784121751785278);(nan, nan);5670636934;nan;nan
1;0;(0.4164167046546936, 0.5698292255401611);(nan, nan);5670645189;nan;nan
0;0;(nan, nan);(nan, nan);5670653522;nan;nan
1;0;(0.4226909577846527, 0.5739232301712036);(nan, nan);5670661862;nan;nan
1;0;(0.42417997121810913, 0.5686359405517578);(nan, nan);5670670187;nan;nan
0;0;(nan, nan);(nan, nan);5670678527;nan;nan
1;0;(0.42487525939941406, 0.5654351711273193);(nan, nan);5670686950;nan;nan
1;1;(0.4225163459777832, 0.5762296915054321);(0.1786617636680603, 0.47245657444000244);5670695200;nan;nan
0;0;(nan, nan);(nan, nan);5670703531;nan;nan
1;0;(0.4200184941291809, 0.5706422328948975);(nan, nan);5670711895;nan;nan
1;1;(0.417657732963562, 0.5767561197280884);(0.1974993497133255, 0.48458752036094666);5670720200;nan;nan
0;0;(nan, nan);(nan, nan);5670728524;nan;nan
1;0;(0.41518205404281616, 0.5771706104278564);(nan, nan);5670736844;nan;nan
1;0;(0.4102451801300049, 0.5549584627151489);(nan, nan);5670745178;nan;nan
1;0;(0.4102253317832947, 0.555557131767273);(nan, nan);5670753558;3.1687774658203125;nan
1;0;(0.4381147623062134, 0.5845541954040527);(nan, nan);5670761866;nan;nan
1;1;(0.4163714647293091, 0.3872963786125183);(0.0989161878824234, 0.2606586813926697);5670770252;nan;nan
0;0;(nan, nan);(nan, nan);5670778507;nan;nan
1;0;(0.4169864058494568, 0.3564174175262451);(nan, nan);5670786879;nan;nan
1;1;(0.4178493618965149, 0.35177475214004517);(0.1170920729637146, 0.30503568053245544);5670795222;nan;nan
0;0;(nan, nan);(nan, nan);5670803503;nan;nan
1;0;(0.41961824893951416, 0.3499496877193451);(nan, nan);5670811838;nan;nan
1;0;(0.4204973578453064, 0.3435176610946655);(nan, nan);5670820172;nan;nan
0;0;(nan, nan);(nan, nan);5670828500;nan;nan
1;0;(0.42043840885162354, 0.34336358308792114);(nan, nan);5670836832;nan;nan
1;0;(0.4201167821884155, 0.34273117780685425);(nan, nan);5670845167;nan;nan
0;0;(nan, nan);(nan, nan);5670853498;nan;nan
1;0;(0.42096102237701416, 0.3414936065673828);(nan, nan);5670861861;nan;nan
1;0;(0.4201856851577759, 0.3337796926498413);(nan, nan);5670870242;nan;nan
0;0;(nan, nan);(nan, nan);5670878586;nan;nan
1;0;(0.41915690898895264, 0.328791081905365);(nan, nan);5670886827;nan;nan
1;0;(0.41862818598747253, 0.3316248655319214);(nan, nan);5670895159;nan;nan
0;0;(nan, nan);(nan, nan);5670903580;nan;nan
1;0;(0.4218900799751282, 0.33546483516693115);(nan, nan);5670911824;nan;nan
1;0;(0.42451542615890503, 0.3400673270225525);(nan, nan);5670920156;nan;nan
0;0;(nan, nan);(nan, nan);5670928488;nan;nan
1;0;(0.422948956489563, 0.3386060893535614);(nan, nan);5670936880;nan;nan
1;0;(0.4189937114715576, 0.33616551756858826);(nan, nan);5670945213;nan;nan
1;0;(0.4189937114715576, 0.33616551756858826);(nan, nan);5670953574;2.3477783203125;nan
1;0;(0.4176315665245056, 0.33799487352371216);(nan, nan);5670961821;nan;nan
1;0;(0.4207969903945923, 0.3397045433521271);(nan, nan);5670970215;nan;nan
0;0;(nan, nan);(nan, nan);5670978480;nan;nan
1;0;(0.4307457506656647, 0.3467922806739807);(nan, nan);5670986821;nan;nan
1;0;(0.4306337535381317, 0.3495451807975769);(nan, nan);5670995147;nan;nan
0;0;(nan, nan);(nan, nan);5671003480;nan;nan
1;0;(0.42082029581069946, 0.34985506534576416);(nan, nan);5671011812;nan;nan
1;0;(0.41884899139404297, 0.35136768221855164);(nan, nan);5671020144;nan;nan
0;0;(nan, nan);(nan, nan);5671028474;nan;nan
1;0;(0.42026424407958984, 0.34670206904411316);(nan, nan);5671036806;nan;nan
1;0;(0.4202468991279602, 0.34562748670578003);(nan, nan);5671045140;nan;nan
1;0;(0.42026764154434204, 0.3457028269767761);(nan, nan);5671053472;2.6999969482421875;nan
1;0;(0.42057687044143677, 0.34119051694869995);(nan, nan);5671061806;nan;nan
1;0;(0.4207639694213867, 0.34508126974105835);(nan, nan);5671070138;nan;nan
0;0;(nan, nan);(nan, nan);5671078470;nan;nan
1;0;(0.4195932149887085, 0.3546183705329895);(nan, nan);5671086803;nan;nan
1;0;(0.4206078052520752, 0.35632455348968506);(nan, nan);5671095136;nan;nan
0;0;(nan, nan);(nan, nan);5671103467;nan;nan
1;0;(0.4210723340511322, 0.3511784076690674);(nan, nan);5671111802;nan;nan
1;1;(0.4212670922279358, 0.3462420105934143);(0.12344679236412048, 0.24544182419776917);5671120130;nan;nan
0;0;(nan, nan);(nan, nan);5671128466;nan;nan
1;0;(0.4229377508163452, 0.34902483224868774);(nan, nan);5671136795;nan;nan
1;0;(0.4218837022781372, 0.3509227931499481);(nan, nan);5671145128;nan;nan
0;0;(nan, nan);(nan, nan);5671153465;nan;nan
1;0;(0.42047059535980225, 0.3498615622520447);(nan, nan);5671161790;nan;nan
1;1;(0.4197688698768616, 0.3538437783718109);(0.08367306739091873, 0.2700040936470032);5671170125;nan;nan
0;0;(nan, nan);(nan, nan);5671178458;nan;nan
1;0;(0.41867297887802124, 0.35433992743492126);(nan, nan);5671186787;nan;nan
1;1;(0.4175518751144409, 0.3457116484642029);(0.07314661890268326, 0.2459094077348709);5671195120;nan;nan
1;0;(0.4175441563129425, 0.3456510901451111);(nan, nan);5671203545;3.0110321044921875;nan
1;0;(0.42351430654525757, 0.37379369139671326);(nan, nan);5671211790;nan;nan
1;0;(0.4182593822479248, 0.35390686988830566);(nan, nan);5671220118;nan;nan
1;0;(0.41846591234207153, 0.3528408408164978);(nan, nan);5671228448;2.827484130859375;nan
1;0;(0.41770899295806885, 0.3487545847892761);(nan, nan);5671236812;nan;nan
1;1;(0.4173704981803894, 0.3497052788734436);(0.0919983983039856, 0.20593073964118958);5671245154;nan;nan
1;0;(0.41774243116378784, 0.35038918256759644);(nan, nan);5671253447;2.7103424072265625;nan
1;0;(0.420439213514328, 0.35471051931381226);(nan, nan);5671261781;nan;nan
1;1;(0.42043745517730713, 0.3547135591506958);(0.08528660237789154, 0.2457675188779831);5671270111;nan;nan
0;0;(nan, nan);(nan, nan);5671278443;nan;nan
1;0;(0.41502144932746887, 0.3533853590488434);(nan, nan);5671286773;nan;nan
1;0;(0.41691160202026367, 0.3522310256958008);(nan, nan);5671295108;nan;nan
1;0;(0.41650766134262085, 0.3527801036834717);(nan, nan);5671303442;3.4306488037109375;nan
1;0;(0.41736048460006714, 0.3535352349281311);(nan, nan);5671311775;nan;nan
1;0;(0.4199737012386322, 0.35781970620155334);(nan, nan);5671320103;nan;nan
0;0;(nan, nan);(nan, nan);5671328437;nan;nan
1;0;(0.4221811890602112, 0.35790854692459106);(nan, nan);5671336769;nan;nan
1;0;(0.4194386601448059, 0.35534900426864624);(nan, nan);5671345102;nan;nan
0;0;(nan, nan);(nan, nan);5671353432;nan;nan
1;0;(0.4193062484264374, 0.3486478924751282);(nan, nan);5671361764;nan;nan
1;0;(0.41954559087753296, 0.34806856513023376);(nan, nan);5671370098;nan;nan
0;0;(nan, nan);(nan, nan);5671378461;nan;nan
1;0;(0.4143231511116028, 0.3484867215156555);(nan, nan);5671386762;nan;nan
1;1;(0.4132108688354492, 0.348021000623703);(0.10196521878242493, 0.25431159138679504);5671395093;nan;nan
1;0;(0.4132527709007263, 0.3479746878147125);(nan, nan);5671403427;3.52447509765625;nan
1;0;(0.4176587462425232, 0.3560899794101715);(nan, nan);5671411790;nan;nan
1;0;(0.41768670082092285, 0.3549196124076843);(nan, nan);5671420092;nan;nan
0;0;(nan, nan);(nan, nan);5671428457;nan;nan
1;0;(0.41774365305900574, 0.34532710909843445);(nan, nan);5671436757;nan;nan
1;1;(0.4206053912639618, 0.3429397940635681);(0.10076015442609787, 0.23664622008800507);5671445089;nan;nan
0;0;(nan, nan);(nan, nan);5671453482;nan;nan
1;0;(0.418393611907959, 0.34316539764404297);(nan, nan);5671461753;nan;nan
1;1;(0.4142271876335144, 0.34555307030677795);(0.10695741325616837, 0.2187177836894989);5671470087;nan;nan
0;0;(nan, nan);(nan, nan);5671478420;nan;nan
1;0;(0.4141319990158081, 0.3457457721233368);(nan, nan);5671486751;nan;nan
1;1;(0.4172411859035492, 0.35211727023124695);(0.08438976109027863, 0.22443631291389465);5671495084;nan;nan
0;0;(nan, nan);(nan, nan);5671503416;nan;nan
1;0;(0.41846904158592224, 0.3620036840438843);(nan, nan);5671511752;nan;nan
1;0;(0.4234812259674072, 0.3899509906768799);(nan, nan);5671520080;nan;nan
0;0;(nan, nan);(nan, nan);5671528413;nan;nan
1;0;(0.4477386772632599, 0.4244397282600403);(nan, nan);5671536745;nan;nan
1;0;(0.48690229654312134, 0.4543694853782654);(nan, nan);5671545077;nan;nan
0;0;(nan, nan);(nan, nan);5671553410;nan;nan
1;0;(0.49938392639160156, 0.45254868268966675);(nan, nan);5671561741;nan;nan
1;0;(0.500705361366272, 0.4556078016757965);(nan, nan);5671570074;nan;nan
0;0;(nan, nan);(nan, nan);5671578408;nan;nan
1;0;(0.5028002858161926, 0.4553481936454773);(nan, nan);5671586740;nan;nan
1;0;(0.5019388198852539, 0.448303759098053);(nan, nan);5671595104;nan;nan
0;0;(nan, nan);(nan, nan);5671603437;nan;nan
1;0;(0.5041348338127136, 0.45173609256744385);(nan, nan);5671611743;nan;nan
1;0;(0.5035544037818909, 0.45656174421310425);(nan, nan);5671620132;nan;nan
0;0;(nan, nan);(nan, nan);5671628404;nan;nan
1;0;(0.5035350918769836, 0.46464115381240845);(nan, nan);5671636734;nan;nan
1;0;(0.5050862431526184, 0.4653140902519226);(nan, nan);5671645068;nan;nan
1;0;(0.5051014423370361, 0.46537473797798157);(nan, nan);5671653398;2.4438018798828125;nan
1;0;(0.5035364627838135, 0.4586239159107208);(nan, nan);5671661731;nan;nan
1;0;(0.5037811994552612, 0.46254029870033264);(nan, nan);5671670063;nan;nan
0;0;(nan, nan);(nan, nan);5671678395;nan;nan
1;0;(0.5059002637863159, 0.46605953574180603);(nan, nan);5671686729;nan;nan
1;0;(0.5064002275466919, 0.46039724349975586);(nan, nan);5671695061;nan;nan
0;0;(nan, nan);(nan, nan);5671703393;nan;nan
1;0;(0.5046283602714539, 0.4560984671115875);(nan, nan);5671711734;nan;nan
1;0;(0.5046288967132568, 0.45136064291000366);(nan, nan);5671720058;nan;nan
0;0;(nan, nan);(nan, nan);5671728389;nan;nan
1;0;(0.5028460025787354, 0.4602614641189575);(nan, nan);5671736724;nan;nan
1;0;(0.4998476505279541, 0.4580816328525543);(nan, nan);5671745053;nan;nan
0;0;(nan, nan);(nan, nan);5671753436;nan;nan
1;0;(0.5046647191047668, 0.4523785710334778);(nan, nan);5671761722;nan;nan
1;0;(0.49966174364089966, 0.45322078466415405);(nan, nan);5671770059;nan;nan
0;0;(nan, nan);(nan, nan);5671778386;nan;nan
1;0;(0.5014631748199463, 0.45237359404563904);(nan, nan);5671786723;nan;nan
1;0;(0.5050100088119507, 0.44981586933135986);(nan, nan);5671795127;nan;nan
0;0;(nan, nan);(nan, nan);5671803385;nan;nan
1;0;(0.5051023364067078, 0.44940534234046936);(nan, nan);5671811716;nan;nan
1;0;(0.5024996399879456, 0.4582691788673401);(nan, nan);5671820077;nan;nan
0;0;(nan, nan);(nan, nan);5671828386;nan;nan
1;0;(0.49661630392074585, 0.45338010787963867);(nan, nan);5671836713;nan;nan
1;0;(0.48135945200920105, 0.4255906343460083);(nan, nan);5671845128;nan;nan
1;0;(0.4815482795238495, 0.42579731345176697);(nan, nan);5671853376;3.073944091796875;nan
1;0;(0.45573756098747253, 0.4516102075576782);(nan, nan);5671861712;nan;nan
1;1;(0.42690908908843994, 0.3661558926105499);(0.08870002627372742, 0.2545963525772095);5671870063;nan;nan
0;0;(nan, nan);(nan, nan);5671878376;nan;nan
1;0;(0.42291879653930664, 0.359130859375);(nan, nan);5671886707;nan;nan
1;0;(0.42468342185020447, 0.35679635405540466);(nan, nan);5671895057;nan;nan
0;0;(nan, nan);(nan, nan);5671903390;nan;nan
1;0;(0.42534056305885315, 0.3643466830253601);(nan, nan);5671911714;nan;nan
1;0;(0.4221365451812744, 0.3643697500228882);(nan, nan);5671920035;nan;nan
1;0;(0.42214030027389526, 0.36442917585372925);(nan, nan);5671928372;3.292755126953125;nan
1;0;(0.42285919189453125, 0.35942310094833374);(nan, nan);5671936705;nan;nan
1;0;(0.42504915595054626, 0.3620237708091736);(nan, nan);5671945096;nan;nan
0;0;(nan, nan);(nan, nan);5671953366;nan;nan
1;0;(0.4275484085083008, 0.3606666922569275);(nan, nan);5671961701;nan;nan
1;0;(0.42693638801574707, 0.35934382677078247);(nan, nan);5671970049;nan;nan
1;0;(0.4269205331802368, 0.3593423366546631);(nan, nan);5671978372;3.02130126953125;nan
1;0;(0.4229605793952942, 0.35728076100349426);(nan, nan);5671986697;nan;nan
1;0;(0.4221498966217041, 0.3606068789958954);(nan, nan);5671995037;nan;nan
0;0;(nan, nan);(nan, nan);5672003360;nan;nan
1;0;(0.42539480328559875, 0.36365020275115967);(nan, nan);5672011724;nan;nan
1;0;(0.4222605228424072, 0.36068475246429443);(nan, nan);5672020024;nan;nan
0;0;(nan, nan);(nan, nan);5672028356;nan;nan
1;0;(0.4196568727493286, 0.35394182801246643);(nan, nan);5672036688;nan;nan
1;0;(0.4240051209926605, 0.3586970269680023);(nan, nan);5672045020;nan;nan
1;0;(0.4245656728744507, 0.36298424005508423);(nan, nan);5672053421;3.257659912109375;nan
1;0;(0.4252002239227295, 0.36966651678085327);(nan, nan);5672061697;nan;nan
1;0;(0.42371121048927307, 0.3650114834308624);(nan, nan);5672070086;nan;nan
1;0;(0.4230593144893646, 0.3648432493209839);(nan, nan);5672078350;2.8411712646484375;nan
1;0;(0.4255363345146179, 0.36235275864601135);(nan, nan);5672086684;nan;nan
1;0;(0.4250316619873047, 0.3629385828971863);(nan, nan);5672095038;nan;nan
0;0;(nan, nan);(nan, nan);5672103370;nan;nan
1;0;(0.41794946789741516, 0.3632190227508545);(nan, nan);5672111735;nan;nan
1;0;(0.42025846242904663, 0.36908388137817383);(nan, nan);5672120016;nan;nan
0;0;(nan, nan);(nan, nan);5672128347;nan;nan
0;0;(nan, nan);(nan, nan);5672136680;nan;nan
1;0;(0.4176005721092224, 0.3677911162376404);(nan, nan);5672145013;nan;nan
0;0;(nan, nan);(nan, nan);5672153343;nan;nan
0;0;(nan, nan);(nan, nan);5672161677;nan;nan
1;0;(0.42251020669937134, 0.3720020651817322);(nan, nan);5672170028;nan;nan
1;0;(0.42232054471969604, 0.37090569734573364);(nan, nan);5672178363;2.8607025146484375;nan
0;0;(nan, nan);(nan, nan);5672186745;nan;nan
1;0;(0.4213973581790924, 0.3686680197715759);(nan, nan);5672195008;nan;nan
0;0;(nan, nan);(nan, nan);5672203340;nan;nan
1;0;(0.42209386825561523, 0.3726647198200226);(nan, nan);5672211672;nan;nan
1;0;(0.42284005880355835, 0.3800363838672638);(nan, nan);5672220024;nan;nan
0;0;(nan, nan);(nan, nan);5672228352;nan;nan
1;0;(0.42333513498306274, 0.37591683864593506);(nan, nan);5672236670;nan;nan
1;1;(0.42571526765823364, 0.3709005117416382);(-0.13846828043460846, 0.553511917591095);5672245059;nan;nan
0;0;(nan, nan);(nan, nan);5672253338;nan;nan
1;0;(0.4257383346557617, 0.37255915999412537);(nan, nan);5672261666;nan;nan
1;0;(0.4272610545158386, 0.36702272295951843);(nan, nan);5672270020;nan;nan
0;0;(nan, nan);(nan, nan);5672278335;nan;nan
1;0;(0.42765602469444275, 0.36731958389282227);(nan, nan);5672286666;nan;nan
1;0;(0.42408013343811035, 0.37166592478752136);(nan, nan);5672294995;nan;nan
0;0;(nan, nan);(nan, nan);5672303338;nan;nan
1;0;(0.42351290583610535, 0.3574170470237732);(nan, nan);5672311659;nan;nan
1;0;(0.42351290583610535, 0.3574170470237732);(nan, nan);5672320013;nan;nan
0;0;(nan, nan);(nan, nan);5672328340;nan;nan
0;0;(nan, nan);(nan, nan);5672336688;nan;nan
1;0;(0.42351290583610535, 0.3574170470237732);(nan, nan);5672345035;nan;nan
1;0;(0.4293018579483032, 0.37406402826309204);(nan, nan);5672353326;2.63531494140625;nan
1;0;(0.4246406555175781, 0.3696616291999817);(nan, nan);5672361656;nan;nan
1;0;(0.42812538146972656, 0.3797738552093506);(nan, nan);5672370010;nan;nan
0;0;(nan, nan);(nan, nan);5672378334;nan;nan
1;0;(0.4272097945213318, 0.37962743639945984);(nan, nan);5672386655;nan;nan
1;0;(0.4287954568862915, 0.37980613112449646);(nan, nan);5672394996;nan;nan
0;0;(nan, nan);(nan, nan);5672403359;nan;nan
1;0;(0.42761489748954773, 0.3710458278656006);(nan, nan);5672411660;nan;nan
1;0;(0.4273430109024048, 0.365503191947937);(nan, nan);5672419995;nan;nan
1;0;(0.42734479904174805, 0.36547914147377014);(nan, nan);5672428338;2.83843994140625;nan
1;0;(0.42519694566726685, 0.3720129132270813);(nan, nan);5672436652;nan;nan
1;0;(0.42567431926727295, 0.37166905403137207);(nan, nan);5672444989;nan;nan
0;0;(nan, nan);(nan, nan);5672453319;nan;nan
1;0;(0.427916944026947, 0.3680935800075531);(nan, nan);5672461713;nan;nan
1;1;(0.42626291513442993, 0.37095895409584045);(-0.006783765275031328, 0.17473672330379486);5672470040;nan;nan
0;0;(nan, nan);(nan, nan);5672478385;nan;nan
1;0;(0.426395446062088, 0.36783504486083984);(nan, nan);5672486646;nan;nan
1;1;(0.42619946599006653, 0.3690698742866516);(0.05344831943511963, 0.43955183029174805);5672494999;nan;nan
0;0;(nan, nan);(nan, nan);5672503343;nan;nan
0;0;(nan, nan);(nan, nan);5672511664;nan;nan
1;1;(0.4236423373222351, 0.36916863918304443);(0.03890556842088699, 0.21523693203926086);5672519985;nan;nan
0;0;(nan, nan);(nan, nan);5672528345;nan;nan
1;0;(0.4246499538421631, 0.3747573792934418);(nan, nan);5672536643;nan;nan
1;0;(0.42784762382507324, 0.37100374698638916);(nan, nan);5672544983;nan;nan
0;0;(nan, nan);(nan, nan);5672553347;nan;nan
1;0;(0.42797812819480896, 0.3687794804573059);(nan, nan);5672561639;nan;nan
1;0;(0.4262440800666809, 0.3687633275985718);(nan, nan);5672569982;nan;nan
0;0;(nan, nan);(nan, nan);5672578314;nan;nan
1;0;(0.424274742603302, 0.36859753727912903);(nan, nan);5672586636;nan;nan
1;0;(0.4262778162956238, 0.36992475390434265);(nan, nan);5672594995;nan;nan
0;0;(nan, nan);(nan, nan);5672603304;nan;nan
1;0;(0.4276069104671478, 0.36793529987335205);(nan, nan);5672611635;nan;nan
0;0;(nan, nan);(nan, nan);5672619997;nan;nan
0;0;(nan, nan);(nan, nan);5672628359;nan;nan
1;0;(0.42418813705444336, 0.36761462688446045);(nan, nan);5672636636;nan;nan
1;0;(0.4205308258533478, 0.3671751618385315);(nan, nan);5672645035;nan;nan
0;0;(nan, nan);(nan, nan);5672653316;nan;nan
1;0;(0.42210400104522705, 0.36958178877830505);(nan, nan);5672661630;nan;nan
1;0;(0.4244312644004822, 0.3649177849292755);(nan, nan);5672669963;nan;nan
0;0;(nan, nan);(nan, nan);5672678383;nan;nan
1;0;(0.423060804605484, 0.36318230628967285);(nan, nan);5672686631;nan;nan
1;0;(0.4235689342021942, 0.3674922585487366);(nan, nan);5672694963;nan;nan
0;0;(nan, nan);(nan, nan);5672703378;nan;nan
1;0;(0.4248310327529907, 0.3709407448768616);(nan, nan);5672711685;nan;nan
1;0;(0.4248397946357727, 0.36970973014831543);(nan, nan);5672720008;nan;nan
1;0;(0.4248397946357727, 0.36970973014831543);(nan, nan);5672728296;3.2299346923828125;nan
1;0;(0.42320752143859863, 0.36780428886413574);(nan, nan);5672736627;nan;nan
1;0;(0.4220038652420044, 0.3651202619075775);(nan, nan);5672744990;nan;nan
0;0;(nan, nan);(nan, nan);5672753315;nan;nan
1;0;(0.42244210839271545, 0.36569052934646606);(nan, nan);5672761633;nan;nan
1;0;(0.42284759879112244, 0.3643602728843689);(nan, nan);5672769988;nan;nan
0;0;(nan, nan);(nan, nan);5672778341;nan;nan
1;0;(0.42494696378707886, 0.3663697838783264);(nan, nan);5672786619;nan;nan
1;0;(0.4248286485671997, 0.3737959861755371);(nan, nan);5672794975;nan;nan
0;0;(nan, nan);(nan, nan);5672803328;nan;nan
1;0;(0.420894980430603, 0.3709776997566223);(nan, nan);5672811620;nan;nan
1;0;(0.4201619625091553, 0.3685733675956726);(nan, nan);5672819961;nan;nan
1;0;(0.4201616644859314, 0.3685747981071472);(nan, nan);5672828289;2.90032958984375;nan
1;0;(0.42118677496910095, 0.36362510919570923);(nan, nan);5672836700;nan;nan
1;0;(0.4232051372528076, 0.3642123341560364);(nan, nan);5672844950;nan;nan
0;0;(nan, nan);(nan, nan);5672853348;nan;nan
1;0;(0.42729654908180237, 0.36528831720352173);(nan, nan);5672861614;nan;nan
0;0;(nan, nan);(nan, nan);5672869982;nan;nan
0;0;(nan, nan);(nan, nan);5672878350;nan;nan
1;0;(0.4279683232307434, 0.36476069688796997);(nan, nan);5672886617;nan;nan
1;0;(0.4260295033454895, 0.36491405963897705);(nan, nan);5672894955;nan;nan
0;0;(nan, nan);(nan, nan);5672903330;nan;nan
1;0;(0.4227311611175537, 0.36799657344818115);(nan, nan);5672911614;nan;nan
1;0;(0.4222215414047241, 0.36728882789611816);(nan, nan);5672920017;nan;nan
0;0;(nan, nan);(nan, nan);5672928281;nan;nan
1;0;(0.423244446516037, 0.36959409713745117);(nan, nan);5672936611;nan;nan
1;0;(0.42551082372665405, 0.3742021918296814);(nan, nan);5672944940;nan;nan
1;0;(0.42550623416900635, 0.37420403957366943);(nan, nan);5672953309;2.9758148193359375;nan
1;0;(0.4255204200744629, 0.3752283751964569);(nan, nan);5672961607;nan;nan
1;1;(0.4266411066055298, 0.3681485652923584);(0.061160825192928314, 0.19881433248519897);5672969957;nan;nan
0;0;(nan, nan);(nan, nan);5672978296;nan;nan
1;0;(0.4275234341621399, 0.3626008629798889);(nan, nan);5672986615;nan;nan
1;0;(0.4275398850440979, 0.361805260181427);(nan, nan);5672994940;nan;nan
0;0;(nan, nan);(nan, nan);5673003275;nan;nan
0;0;(nan, nan);(nan, nan);5673011617;nan;nan
1;0;(0.4248080253601074, 0.3715513050556183);(nan, nan);5673019960;nan;nan
1;0;(0.42372727394104004, 0.37246716022491455);(nan, nan);5673028309;2.458526611328125;nan
1;0;(0.4235382080078125, 0.37152618169784546);(nan, nan);5673036638;nan;nan
1;0;(0.4272887706756592, 0.36150944232940674);(nan, nan);5673044943;nan;nan
1;0;(0.42727211117744446, 0.3615628480911255);(nan, nan);5673053272;2.6431732177734375;nan
1;0;(0.42682695388793945, 0.36407655477523804);(nan, nan);5673061600;nan;nan
1;0;(0.42616623640060425, 0.3673022985458374);(nan, nan);5673069942;nan;nan
1;0;(0.4261583685874939, 0.36731451749801636);(nan, nan);5673078290;2.5704345703125;nan
1;0;(0.4253859519958496, 0.3681701421737671);(nan, nan);5673086600;nan;nan
1;1;(0.4239293336868286, 0.3706141710281372);(0.07264525443315506, 0.2084871381521225);5673094940;nan;nan
0;0;(nan, nan);(nan, nan);5673103311;nan;nan
1;0;(0.4208899140357971, 0.375011682510376);(nan, nan);5673111597;nan;nan
1;0;(0.4212363362312317, 0.37137025594711304);(nan, nan);5673119927;nan;nan
1;0;(0.42101800441741943, 0.3697304129600525);(nan, nan);5673128261;2.8063812255859375;nan
1;0;(0.42315495014190674, 0.36688899993896484);(nan, nan);5673136597;nan;nan
1;0;(0.421247273683548, 0.3687117099761963);(nan, nan);5673145004;nan;nan
0;0;(nan, nan);(nan, nan);5673153261;nan;nan
1;0;(0.42004239559173584, 0.36575883626937866);(nan, nan);5673161590;nan;nan
1;0;(0.42138296365737915, 0.3667197823524475);(nan, nan);5673169946;nan;nan
1;0;(0.4219461679458618, 0.3663557767868042);(nan, nan);5673178280;2.8796234130859375;nan
1;0;(0.42226290702819824, 0.37375813722610474);(nan, nan);5673186601;nan;nan
1;0;(0.4208123981952667, 0.36234867572784424);(nan, nan);5673194924;nan;nan
0;0;(nan, nan);(nan, nan);5673203258;nan;nan
1;0;(0.4216967225074768, 0.3574320375919342);(nan, nan);5673211625;nan;nan
1;0;(0.42146897315979004, 0.361756294965744);(nan, nan);5673219923;nan;nan
1;0;(0.42003023624420166, 0.36160099506378174);(nan, nan);5673228257;2.9053802490234375;nan
1;0;(0.4183746576309204, 0.3728543519973755);(nan, nan);5673236588;nan;nan
1;1;(0.4179718792438507, 0.3827129900455475);(0.0795053243637085, 0.2583840787410736);5673244934;nan;nan
0;0;(nan, nan);(nan, nan);5673253315;nan;nan
1;0;(0.41951078176498413, 0.37648534774780273);(nan, nan);5673261586;nan;nan
1;0;(0.419866681098938, 0.36236757040023804);(nan, nan);5673269918;nan;nan
0;0;(nan, nan);(nan, nan);5673278284;nan;nan
1;0;(0.42326873540878296, 0.3659421503543854);(nan, nan);5673286582;nan;nan
1;1;(0.4197534918785095, 0.3703153729438782);(0.07781153172254562, 0.31983447074890137);5673294916;nan;nan
1;0;(0.4198009967803955, 0.37034815549850464);(nan, nan);5673303260;3.319580078125;nan
1;0;(0.4167439937591553, 0.37489452958106995);(nan, nan);5673311581;nan;nan
1;0;(0.4198806881904602, 0.37091243267059326);(nan, nan);5673319935;nan;nan
0;0;(nan, nan);(nan, nan);5673328324;nan;nan
0;0;(nan, nan);(nan, nan);5673336623;nan;nan
1;0;(0.4189361333847046, 0.3738001585006714);(nan, nan);5673344922;nan;nan
1;0;(0.41889166831970215, 0.37393978238105774);(nan, nan);5673353282;3.8990631103515625;nan
1;0;(0.42126476764678955, 0.36912810802459717);(nan, nan);5673361579;nan;nan
1;0;(0.4258610010147095, 0.36502331495285034);(nan, nan);5673369920;nan;nan
1;0;(0.42576324939727783, 0.3651638627052307);(nan, nan);5673378322;3.165740966796875;nan
1;0;(0.42488232254981995, 0.36669671535491943);(nan, nan);5673386577;nan;nan
1;0;(0.4206501841545105, 0.36898887157440186);(nan, nan);5673394908;nan;nan
0;0;(nan, nan);(nan, nan);5673403244;nan;nan
1;0;(0.42284613847732544, 0.3656511604785919);(nan, nan);5673411575;nan;nan
1;0;(0.42411836981773376, 0.36648160219192505);(nan, nan);5673419908;nan;nan
1;0;(0.4240998923778534, 0.366474449634552);(nan, nan);5673428244;3.4409637451171875;nan
1;0;(0.4249599874019623, 0.3615165948867798);(nan, nan);5673436570;nan;nan
1;0;(0.42432552576065063, 0.3569500148296356);(nan, nan);5673444907;nan;nan
0;0;(nan, nan);(nan, nan);5673453276;nan;nan
1;0;(0.4253731966018677, 0.36379778385162354);(nan, nan);5673461571;nan;nan
1;0;(0.42446160316467285, 0.36067211627960205);(nan, nan);5673469969;nan;nan
0;0;(nan, nan);(nan, nan);5673478239;nan;nan
1;0;(0.42381778359413147, 0.35926926136016846);(nan, nan);5673486570;nan;nan
1;0;(0.4229748249053955, 0.3646090626716614);(nan, nan);5673494902;nan;nan
0;0;(nan, nan);(nan, nan);5673503254;nan;nan
1;0;(0.42397427558898926, 0.36510735750198364);(nan, nan);5673511569;nan;nan
1;0;(0.42834025621414185, 0.3677866458892822);(nan, nan);5673519922;nan;nan
0;0;(nan, nan);(nan, nan);5673528261;nan;nan
0;0;(nan, nan);(nan, nan);5673536585;nan;nan
1;0;(0.4273569583892822, 0.3647614121437073);(nan, nan);5673544908;nan;nan
0;0;(nan, nan);(nan, nan);5673553237;nan;nan
1;0;(0.4234517216682434, 0.3579639792442322);(nan, nan);5673561565;nan;nan
1;0;(0.42376500368118286, 0.3586724102497101);(nan, nan);5673569897;nan;nan
0;0;(nan, nan);(nan, nan);5673578268;nan;nan
1;0;(0.4263187050819397, 0.36313140392303467);(nan, nan);5673586564;nan;nan
1;0;(0.42554283142089844, 0.36736705899238586);(nan, nan);5673594895;nan;nan
0;0;(nan, nan);(nan, nan);5673603289;nan;nan
1;0;(0.4241040050983429, 0.36937665939331055);(nan, nan);5673611561;nan;nan
1;0;(0.4273030161857605, 0.3698434829711914);(nan, nan);5673619895;nan;nan
0;0;(nan, nan);(nan, nan);5673628274;nan;nan
1;0;(0.4277399182319641, 0.37093275785446167);(nan, nan);5673636559;nan;nan
1;1;(0.42281150817871094, 0.36291804909706116);(0.06780784577131271, 0.25778475403785706);5673644891;nan;nan
0;0;(nan, nan);(nan, nan);5673653308;nan;nan
1;0;(0.42401033639907837, 0.3636705279350281);(nan, nan);5673661557;nan;nan
1;0;(0.42718008160591125, 0.36877790093421936);(nan, nan);5673669893;nan;nan
0;0;(nan, nan);(nan, nan);5673678272;nan;nan
1;0;(0.42657560110092163, 0.3666481375694275);(nan, nan);5673686558;nan;nan
1;0;(0.42493295669555664, 0.36998364329338074);(nan, nan);5673694888;nan;nan
0;0;(nan, nan);(nan, nan);5673703245;nan;nan
1;0;(0.4259703755378723, 0.3675651550292969);(nan, nan);5673711553;nan;nan
1;0;(0.42558377981185913, 0.3650123178958893);(nan, nan);5673719887;nan;nan
0;0;(nan, nan);(nan, nan);5673728233;nan;nan
1;0;(0.42392832040786743, 0.3722783923149109);(nan, nan);5673736560;nan;nan
1;0;(0.42539501190185547, 0.3749842047691345);(nan, nan);5673744883;nan;nan
0;0;(nan, nan);(nan, nan);5673753220;nan;nan
1;0;(0.427021324634552, 0.369850218296051);(nan, nan);5673761551;nan;nan
1;0;(0.42683902382850647, 0.36447370052337646);(nan, nan);5673769951;nan;nan
0;0;(nan, nan);(nan, nan);5673778222;nan;nan
1;0;(0.423927366733551, 0.3631765842437744);(nan, nan);5673786551;nan;nan
1;0;(0.42372870445251465, 0.3712608814239502);(nan, nan);5673794961;nan;nan
0;0;(nan, nan);(nan, nan);5673803299;nan;nan
1;0;(0.4256138205528259, 0.37202292680740356);(nan, nan);5673811557;nan;nan
1;0;(0.42187604308128357, 0.3652089834213257);(nan, nan);5673819890;nan;nan
0;0;(nan, nan);(nan, nan);5673828215;nan;nan
1;0;(0.42103713750839233, 0.3680446743965149);(nan, nan);5673836626;nan;nan
1;0;(0.42303571105003357, 0.3668614625930786);(nan, nan);5673844964;nan;nan
0;0;(nan, nan);(nan, nan);5673853265;nan;nan
1;0;(0.42388319969177246, 0.3647252321243286);(nan, nan);5673861544;nan;nan
1;0;(0.4228889048099518, 0.3686389923095703);(nan, nan);5673869879;nan;nan
0;0;(nan, nan);(nan, nan);5673878235;nan;nan
1;0;(0.42439597845077515, 0.3741629421710968);(nan, nan);5673886628;nan;nan
1;1;(0.4254940152168274, 0.3730051517486572);(0.11205597221851349, 0.21680790185928345);5673894873;nan;nan
1;0;(0.42552125453948975, 0.3730456233024597);(nan, nan);5673903219;2.3130645751953125;nan
1;0;(0.4244753122329712, 0.37035828828811646);(nan, nan);5673911541;nan;nan
1;1;(0.4231911599636078, 0.3692544996738434);(0.05058819055557251, 0.18795031309127808);5673919946;nan;nan
0;0;(nan, nan);(nan, nan);5673928208;nan;nan
1;0;(0.4235886335372925, 0.36633366346359253);(nan, nan);5673936567;nan;nan
1;0;(0.4230131506919861, 0.36294180154800415);(nan, nan);5673944890;nan;nan
0;0;(nan, nan);(nan, nan);5673953264;nan;nan
1;0;(0.4226393699645996, 0.3604474663734436);(nan, nan);5673961599;nan;nan
1;0;(0.4237878918647766, 0.3643239736557007);(nan, nan);5673969868;nan;nan
0;0;(nan, nan);(nan, nan);5673978203;nan;nan
1;0;(0.42339026927948, 0.365177720785141);(nan, nan);5673986565;nan;nan
1;0;(0.4227673411369324, 0.3660609722137451);(nan, nan);5673994908;nan;nan
1;0;(0.42276182770729065, 0.3660740256309509);(nan, nan);5674003200;2.524658203125;nan
1;0;(0.4213981032371521, 0.36812156438827515);(nan, nan);5674011531;nan;nan
1;0;(0.42199233174324036, 0.36313602328300476);(nan, nan);5674019865;nan;nan
0;0;(nan, nan);(nan, nan);5674028237;nan;nan
1;0;(0.4180090129375458, 0.3800621032714844);(nan, nan);5674036529;nan;nan
1;0;(0.42080020904541016, 0.36904409527778625);(nan, nan);5674044861;nan;nan
0;0;(nan, nan);(nan, nan);5674053197;nan;nan
1;0;(0.4229373335838318, 0.36601921916007996);(nan, nan);5674061526;nan;nan
1;0;(0.4220319092273712, 0.36566662788391113);(nan, nan);5674069918;nan;nan
1;0;(0.42205238342285156, 0.3656758964061737);(nan, nan);5674078194;3.2339935302734375;nan
1;0;(0.42149919271469116, 0.36792802810668945);(nan, nan);5674086526;nan;nan
1;0;(0.42529964447021484, 0.3756644129753113);(nan, nan);5674094926;nan;nan
1;0;(0.42529964447021484, 0.3756644129753113);(nan, nan);5674103237;2.9512481689453125;nan
1;0;(0.42245763540267944, 0.37547868490219116);(nan, nan);5674111523;nan;nan
1;0;(0.41994917392730713, 0.37455254793167114);(nan, nan);5674119891;nan;nan
0;0;(nan, nan);(nan, nan);5674128184;nan;nan
1;0;(0.42133617401123047, 0.37441423535346985);(nan, nan);5674136514;nan;nan
1;1;(0.421989768743515, 0.3697799742221832);(0.11625023186206818, 0.29428648948669434);5674144849;nan;nan
1;0;(0.42152833938598633, 0.36856305599212646);(nan, nan);5674153183;2.6879425048828125;nan
1;0;(0.42039942741394043, 0.3716047406196594);(nan, nan);5674161513;nan;nan
1;0;(0.41867828369140625, 0.36947768926620483);(nan, nan);5674169845;nan;nan
0;0;(nan, nan);(nan, nan);5674178180;nan;nan
1;0;(0.4187736511230469, 0.36207297444343567);(nan, nan);5674186510;nan;nan
1;1;(0.4187488853931427, 0.3851528763771057);(0.07946839928627014, 0.26291918754577637);5674194844;nan;nan
0;0;(nan, nan);(nan, nan);5674203177;nan;nan
1;0;(0.4213580787181854, 0.377366304397583);(nan, nan);5674211507;nan;nan
1;1;(0.4226585328578949, 0.3670419752597809);(0.1174764558672905, 0.23512333631515503);5674219840;nan;nan
0;0;(nan, nan);(nan, nan);5674228176;nan;nan
1;0;(0.42249390482902527, 0.3612731397151947);(nan, nan);5674236600;nan;nan
1;0;(0.42381227016448975, 0.36016586422920227);(nan, nan);5674244943;nan;nan
0;0;(nan, nan);(nan, nan);5674253174;nan;nan
1;0;(0.42300620675086975, 0.36046102643013);(nan, nan);5674261505;nan;nan
1;0;(0.42226189374923706, 0.36598271131515503);(nan, nan);5674269840;nan;nan
0;0;(nan, nan);(nan, nan);5674278185;nan;nan
1;0;(0.42358243465423584, 0.3681827187538147);(nan, nan);5674286504;nan;nan
1;1;(0.4230750501155853, 0.3696453869342804);(0.10952649265527725, 0.2648363411426544);5674294837;nan;nan
0;0;(nan, nan);(nan, nan);5674303182;nan;nan
1;0;(0.4221498370170593, 0.36868029832839966);(nan, nan);5674311501;nan;nan
1;0;(0.42111408710479736, 0.36484095454216003);(nan, nan);5674319836;nan;nan
0;0;(nan, nan);(nan, nan);5674328170;nan;nan
1;0;(0.42237019538879395, 0.3653348386287689);(nan, nan);5674336584;nan;nan
1;1;(0.4243285655975342, 0.3660997748374939);(0.09880419820547104, 0.260113000869751);5674344833;nan;nan
0;0;(nan, nan);(nan, nan);5674353167;nan;nan
1;0;(0.4234426021575928, 0.36417534947395325);(nan, nan);5674361530;nan;nan
1;1;(0.4226899743080139, 0.36597251892089844);(0.08354754000902176, 0.23697663843631744);5674369829;nan;nan
0;0;(nan, nan);(nan, nan);5674378165;nan;nan
1;0;(0.42330867052078247, 0.3668532371520996);(nan, nan);5674386525;nan;nan
1;0;(0.424089252948761, 0.35936200618743896);(nan, nan);5674394868;nan;nan
0;0;(nan, nan);(nan, nan);5674403172;nan;nan
1;0;(0.42453765869140625, 0.3666601777076721);(nan, nan);5674411517;nan;nan
1;0;(0.42565056681632996, 0.3741253614425659);(nan, nan);5674419821;nan;nan
0;0;(nan, nan);(nan, nan);5674428164;nan;nan
1;0;(0.42487841844558716, 0.36296218633651733);(nan, nan);5674436559;nan;nan
1;1;(0.4218846559524536, 0.35727524757385254);(0.06854665279388428, 0.26689770817756653);5674444874;nan;nan
0;0;(nan, nan);(nan, nan);5674453183;nan;nan
1;0;(0.42090675234794617, 0.3638703227043152);(nan, nan);5674461505;nan;nan
1;0;(0.4223833680152893, 0.36692243814468384);(nan, nan);5674469911;nan;nan
0;0;(nan, nan);(nan, nan);5674478213;nan;nan
1;0;(0.4248659610748291, 0.36324775218963623);(nan, nan);5674486519;nan;nan
1;0;(0.42226386070251465, 0.36481040716171265);(nan, nan);5674494850;nan;nan
1;0;(0.42226386070251465, 0.36481040716171265);(nan, nan);5674503206;2.8916778564453125;nan
1;0;(0.42142730951309204, 0.3630504608154297);(nan, nan);5674511493;nan;nan
1;1;(0.42619943618774414, 0.3539943993091583);(0.09463278204202652, 0.25443506240844727);5674519822;nan;nan
1;0;(0.42618322372436523, 0.3539785146713257);(nan, nan);5674528187;3.2959136962890625;nan
1;0;(0.4267411530017853, 0.3628765344619751);(nan, nan);5674536521;nan;nan
1;0;(0.4257638454437256, 0.3658907413482666);(nan, nan);5674544810;nan;nan
0;0;(nan, nan);(nan, nan);5674553167;nan;nan
1;0;(0.425759494304657, 0.3682013750076294);(nan, nan);5674561525;nan;nan
1;0;(0.42439740896224976, 0.3684423267841339);(nan, nan);5674569810;nan;nan
0;0;(nan, nan);(nan, nan);5674578157;nan;nan
1;0;(0.42155393958091736, 0.36500751972198486);(nan, nan);5674586474;nan;nan
1;0;(0.4234434962272644, 0.36595484614372253);(nan, nan);5674594839;nan;nan
0;0;(nan, nan);(nan, nan);5674603173;nan;nan
1;0;(0.4226319193840027, 0.3686731457710266);(nan, nan);5674611508;nan;nan
1;0;(0.42362433671951294, 0.36690109968185425);(nan, nan);5674619806;nan;nan
0;0;(nan, nan);(nan, nan);5674628162;nan;nan
1;0;(0.4278997778892517, 0.3611128032207489);(nan, nan);5674636492;nan;nan
1;0;(0.42445108294487, 0.36708956956863403);(nan, nan);5674644807;nan;nan
0;0;(nan, nan);(nan, nan);5674653156;nan;nan
1;0;(0.4246808588504791, 0.3725191354751587);(nan, nan);5674661505;nan;nan
1;1;(0.42519551515579224, 0.36890438199043274);(0.08440130203962326, 0.32325437664985657);5674669797;nan;nan
1;0;(0.4252470135688782, 0.3689298629760742);(nan, nan);5674678146;3.3096771240234375;nan
1;0;(0.4250684678554535, 0.36069509387016296);(nan, nan);5674686513;nan;nan
1;1;(0.4277832508087158, 0.3599192798137665);(0.08273357152938843, 0.28957387804985046);5674694833;nan;nan
0;0;(nan, nan);(nan, nan);5674703155;nan;nan
1;0;(0.42704063653945923, 0.36341923475265503);(nan, nan);5674711469;nan;nan
1;0;(0.4244195818901062, 0.3651587963104248);(nan, nan);5674719795;nan;nan
0;0;(nan, nan);(nan, nan);5674728206;nan;nan
1;0;(0.4230806231498718, 0.36848875880241394);(nan, nan);5674736458;nan;nan
1;0;(0.424582839012146, 0.3707837462425232);(nan, nan);5674744792;nan;nan
0;0;(nan, nan);(nan, nan);5674753171;nan;nan
1;0;(0.4279424846172333, 0.372664213180542);(nan, nan);5674761489;nan;nan
1;1;(0.42592257261276245, 0.36812299489974976);(0.05250556766986847, 0.24606823921203613);5674769831;nan;nan
0;0;(nan, nan);(nan, nan);5674778141;nan;nan
1;0;(0.42405933141708374, 0.36662086844444275);(nan, nan);5674786457;nan;nan
1;0;(0.42336201667785645, 0.3701668381690979);(nan, nan);5674794818;nan;nan
1;0;(0.42336201667785645, 0.3701668381690979);(nan, nan);5674803132;3.3376312255859375;nan
1;0;(0.42118287086486816, 0.37285250425338745);(nan, nan);5674811452;nan;nan
1;0;(0.42150524258613586, 0.3758055567741394);(nan, nan);5674819784;nan;nan
1;0;(0.421504944562912, 0.37580108642578125);(nan, nan);5674828139;3.509124755859375;nan
1;0;(0.419247031211853, 0.36922305822372437);(nan, nan);5674836454;nan;nan
1;0;(0.42159759998321533, 0.37094640731811523);(nan, nan);5674844814;nan;nan
0;0;(nan, nan);(nan, nan);5674853127;nan;nan
0;0;(nan, nan);(nan, nan);5674861455;nan;nan
1;0;(0.4208565950393677, 0.35525262355804443);(nan, nan);5674869817;nan;nan
0;0;(nan, nan);(nan, nan);5674878123;nan;nan
0;0;(nan, nan);(nan, nan);5674886444;nan;nan
1;1;(0.42721542716026306, 0.35911867022514343);(0.0956016406416893, 0.26763999462127686);5674894777;nan;nan
1;0;(0.42721542716026306, 0.35911867022514343);(nan, nan);5674903123;3.2829132080078125;nan
0;0;(nan, nan);(nan, nan);5674911451;nan;nan
1;0;(0.41527146100997925, 0.3634793162345886);(nan, nan);5674919830;nan;nan
1;0;(0.41527146100997925, 0.3634793162345886);(nan, nan);5674928141;3.8293304443359375;nan
1;0;(0.4187853932380676, 0.3710590600967407);(nan, nan);5674936471;nan;nan
1;1;(0.4222310483455658, 0.3726956248283386);(0.09217491745948792, 0.2624088227748871);5674944806;nan;nan
1;0;(0.4222310483455658, 0.3726956248283386);(nan, nan);5674953106;2.8563690185546875;nan
1;0;(0.4238895773887634, 0.36463478207588196);(nan, nan);5674961455;nan;nan
1;0;(0.42463380098342896, 0.3662567436695099);(nan, nan);5674969810;nan;nan
0;0;(nan, nan);(nan, nan);5674978160;nan;nan
1;0;(0.4244312047958374, 0.36680346727371216);(nan, nan);5674986516;nan;nan
1;0;(0.42442023754119873, 0.36312973499298096);(nan, nan);5674994801;nan;nan
1;0;(0.42444196343421936, 0.3631514310836792);(nan, nan);5675003102;2.6397705078125;nan
1;0;(0.42443209886550903, 0.3609085977077484);(nan, nan);5675011441;nan;nan
1;0;(0.42548099160194397, 0.36283597350120544);(nan, nan);5675019771;nan;nan
0;0;(nan, nan);(nan, nan);5675028154;nan;nan
1;0;(0.42655283212661743, 0.36663442850112915);(nan, nan);5675036483;nan;nan
1;0;(0.423595666885376, 0.3575440049171448);(nan, nan);5675044762;nan;nan
0;0;(nan, nan);(nan, nan);5675053128;nan;nan
1;0;(0.4226263761520386, 0.3533291816711426);(nan, nan);5675061427;nan;nan
1;0;(0.42375409603118896, 0.3634982109069824);(nan, nan);5675069760;nan;nan
0;0;(nan, nan);(nan, nan);5675078095;nan;nan
1;0;(0.42222005128860474, 0.372810959815979);(nan, nan);5675086425;nan;nan
1;0;(0.4201919436454773, 0.3679240942001343);(nan, nan);5675094758;nan;nan
1;0;(0.42018210887908936, 0.36783072352409363);(nan, nan);5675103094;2.1487579345703125;nan
1;0;(0.42208150029182434, 0.3598368465900421);(nan, nan);5675111422;nan;nan
1;1;(0.42233818769454956, 0.3647969961166382);(0.10726122558116913, 0.24582627415657043);5675119755;nan;nan
0;0;(nan, nan);(nan, nan);5675128089;nan;nan
1;0;(0.421469122171402, 0.3680185079574585);(nan, nan);5675136451;nan;nan
1;0;(0.4214828610420227, 0.3632354736328125);(nan, nan);5675144795;nan;nan
0;0;(nan, nan);(nan, nan);5675153088;nan;nan
1;0;(0.4228486716747284, 0.36927324533462524);(nan, nan);5675161495;nan;nan
1;1;(0.42073482275009155, 0.3691336512565613);(0.1106325313448906, 0.24714569747447968);5675169749;nan;nan
1;0;(0.42084556818008423, 0.36933445930480957);(nan, nan);5675178085;2.60858154296875;nan
1;0;(0.4201652705669403, 0.356281042098999);(nan, nan);5675186430;nan;nan
1;0;(0.42274850606918335, 0.36196374893188477);(nan, nan);5675194748;nan;nan
0;0;(nan, nan);(nan, nan);5675203083;nan;nan
1;0;(0.42078110575675964, 0.36387622356414795);(nan, nan);5675211412;nan;nan
1;0;(0.421796977519989, 0.36615389585494995);(nan, nan);5675219746;nan;nan
0;0;(nan, nan);(nan, nan);5675228080;nan;nan
1;0;(0.4217257797718048, 0.36984437704086304);(nan, nan);5675236472;nan;nan
1;0;(0.4196125268936157, 0.36423787474632263);(nan, nan);5675244745;nan;nan
0;0;(nan, nan);(nan, nan);5675253111;nan;nan
1;0;(0.4228370189666748, 0.36442887783050537);(nan, nan);5675261409;nan;nan
1;0;(0.42652612924575806, 0.36275583505630493);(nan, nan);5675269740;nan;nan
0;0;(nan, nan);(nan, nan);5675278076;nan;nan
1;0;(0.42646491527557373, 0.3601366877555847);(nan, nan);5675286495;nan;nan
1;0;(0.4218796491622925, 0.36555731296539307);(nan, nan);5675294738;nan;nan
0;0;(nan, nan);(nan, nan);5675303082;nan;nan
1;0;(0.4196769595146179, 0.36543208360671997);(nan, nan);5675311430;nan;nan
1;0;(0.41833895444869995, 0.36232566833496094);(nan, nan);5675319748;nan;nan
0;0;(nan, nan);(nan, nan);5675328078;nan;nan
1;0;(0.42025795578956604, 0.3585691452026367);(nan, nan);5675336400;nan;nan
1;0;(0.42466431856155396, 0.35673168301582336);(nan, nan);5675344754;nan;nan
0;0;(nan, nan);(nan, nan);5675353069;nan;nan
1;0;(0.424843966960907, 0.358379602432251);(nan, nan);5675361398;nan;nan
1;0;(0.4238148331642151, 0.3551566004753113);(nan, nan);5675369731;nan;nan
1;0;(0.4238545894622803, 0.35516104102134705);(nan, nan);5675378066;3.139007568359375;nan
1;0;(0.42097240686416626, 0.36045509576797485);(nan, nan);5675386396;nan;nan
1;0;(0.42099660634994507, 0.37079548835754395);(nan, nan);5675394729;nan;nan
0;0;(nan, nan);(nan, nan);5675403150;nan;nan
1;0;(0.425118625164032, 0.36662977933883667);(nan, nan);5675411393;nan;nan
1;0;(0.4239389896392822, 0.3615165650844574);(nan, nan);5675419726;nan;nan
0;0;(nan, nan);(nan, nan);5675428061;nan;nan
1;0;(0.4215117394924164, 0.35802125930786133);(nan, nan);5675436426;nan;nan
1;0;(0.4231996536254883, 0.359328031539917);(nan, nan);5675444743;nan;nan
0;0;(nan, nan);(nan, nan);5675453081;nan;nan
1;0;(0.42314964532852173, 0.36261916160583496);(nan, nan);5675461407;nan;nan
1;0;(0.4209921956062317, 0.3618871867656708);(nan, nan);5675469782;nan;nan
1;0;(0.4209921956062317, 0.3618871867656708);(nan, nan);5675478113;3.576995849609375;nan
1;0;(0.4209379553794861, 0.3560771942138672);(nan, nan);5675486465;nan;nan
1;0;(0.4210163950920105, 0.3594356179237366);(nan, nan);5675494756;nan;nan
0;0;(nan, nan);(nan, nan);5675503142;nan;nan
1;0;(0.4235173463821411, 0.36108899116516113);(nan, nan);5675511381;nan;nan
1;0;(0.4234023988246918, 0.3604893088340759);(nan, nan);5675519715;nan;nan
0;0;(nan, nan);(nan, nan);5675528076;nan;nan
1;0;(0.4227960705757141, 0.3633466064929962);(nan, nan);5675536399;nan;nan
1;0;(0.42340847849845886, 0.3577263057231903);(nan, nan);5675544734;nan;nan
0;0;(nan, nan);(nan, nan);5675553059;nan;nan
1;0;(0.42047059535980225, 0.3610509932041168);(nan, nan);5675561443;nan;nan
1;0;(0.42174702882766724, 0.3672962188720703);(nan, nan);5675569786;nan;nan
0;0;(nan, nan);(nan, nan);5675578082;nan;nan
1;0;(0.42160671949386597, 0.3614965081214905);(nan, nan);5675586373;nan;nan
1;0;(0.4202718734741211, 0.3588041663169861);(nan, nan);5675594802;nan;nan
0;0;(nan, nan);(nan, nan);5675603041;nan;nan
1;0;(0.4192878007888794, 0.3585313558578491);(nan, nan);5675611372;nan;nan
1;0;(0.4187334179878235, 0.3540611267089844);(nan, nan);5675619703;nan;nan
0;0;(nan, nan);(nan, nan);5675628038;nan;nan
1;0;(0.4214642345905304, 0.3580094575881958);(nan, nan);5675636459;nan;nan
1;0;(0.42243683338165283, 0.36105114221572876);(nan, nan);5675644770;nan;nan
0;0;(nan, nan);(nan, nan);5675653041;nan;nan
1;0;(0.41978245973587036, 0.3606734275817871);(nan, nan);5675661377;nan;nan
1;0;(0.41854649782180786, 0.36533886194229126);(nan, nan);5675669697;nan;nan
1;0;(0.4185376763343811, 0.36522042751312256);(nan, nan);5675678054;3.246917724609375;nan
1;0;(0.42142370343208313, 0.366254597902298);(nan, nan);5675686384;nan;nan
1;0;(0.42184197902679443, 0.3649754524230957);(nan, nan);5675694707;nan;nan
1;0;(0.4218953847885132, 0.36487603187561035);(nan, nan);5675703066;2.9922332763671875;nan
1;0;(0.4206588864326477, 0.36605966091156006);(nan, nan);5675711432;nan;nan
1;0;(0.4202893376350403, 0.3611375093460083);(nan, nan);5675719695;nan;nan
1;0;(0.41971203684806824, 0.3613162934780121);(nan, nan);5675728051;2.6538848876953125;nan
1;0;(0.4178733229637146, 0.35319605469703674);(nan, nan);5675736374;nan;nan
1;0;(0.4172973930835724, 0.3569979965686798);(nan, nan);5675744726;nan;nan
0;0;(nan, nan);(nan, nan);5675753037;nan;nan
1;0;(0.41982269287109375, 0.3580763339996338);(nan, nan);5675761371;nan;nan
1;0;(0.4190303683280945, 0.3580341041088104);(nan, nan);5675769691;nan;nan
0;0;(nan, nan);(nan, nan);5675778036;nan;nan
1;0;(0.41926491260528564, 0.3615279495716095);(nan, nan);5675786359;nan;nan
1;0;(0.42346492409706116, 0.35224559903144836);(nan, nan);5675794685;nan;nan
0;0;(nan, nan);(nan, nan);5675803060;nan;nan
1;0;(0.42047250270843506, 0.3542666733264923);(nan, nan);5675811460;nan;nan
1;0;(0.4152945876121521, 0.3639068901538849);(nan, nan);5675819697;nan;nan
0;0;(nan, nan);(nan, nan);5675828111;nan;nan
1;0;(0.4182453751564026, 0.3606148958206177);(nan, nan);5675836366;nan;nan
1;0;(0.4237021207809448, 0.35719236731529236);(nan, nan);5675844701;nan;nan
1;0;(0.4236900806427002, 0.3571673631668091);(nan, nan);5675853061;3.53240966796875;nan
1;0;(0.4230642318725586, 0.3597828447818756);(nan, nan);5675861351;nan;nan
1;0;(0.4203343391418457, 0.35589784383773804);(nan, nan);5675869704;nan;nan
0;0;(nan, nan);(nan, nan);5675878020;nan;nan
1;0;(0.41865938901901245, 0.3501847982406616);(nan, nan);5675886348;nan;nan
1;0;(0.42001497745513916, 0.3558650612831116);(nan, nan);5675894718;nan;nan
0;0;(nan, nan);(nan, nan);5675903016;nan;nan
1;0;(0.42070645093917847, 0.35634276270866394);(nan, nan);5675911381;nan;nan
1;0;(0.4195597171783447, 0.3534576892852783);(nan, nan);5675919722;nan;nan
0;0;(nan, nan);(nan, nan);5675928012;nan;nan
1;0;(0.4207262396812439, 0.3569713234901428);(nan, nan);5675936341;nan;nan
1;1;(0.42277270555496216, 0.35674774646759033);(0.4128383696079254, 0.34915974736213684);5675944684;nan;nan
0;0;(nan, nan);(nan, nan);5675953012;nan;nan
1;0;(0.4254723787307739, 0.3495630621910095);(nan, nan);5675961338;nan;nan
1;0;(0.42560476064682007, 0.353046178817749);(nan, nan);5675969715;nan;nan
0;0;(nan, nan);(nan, nan);5675978008;nan;nan
1;0;(0.42164263129234314, 0.3599858283996582);(nan, nan);5675986337;nan;nan
1;0;(0.42048153281211853, 0.3543921113014221);(nan, nan);5675994668;nan;nan
0;0;(nan, nan);(nan, nan);5676003042;nan;nan
1;0;(0.42517656087875366, 0.35884660482406616);(nan, nan);5676011331;nan;nan
1;0;(0.42635393142700195, 0.3634939193725586);(nan, nan);5676019665;nan;nan
0;0;(nan, nan);(nan, nan);5676028000;nan;nan
1;0;(0.4253535270690918, 0.3544435501098633);(nan, nan);5676036329;nan;nan
1;0;(0.42472952604293823, 0.3575839400291443);(nan, nan);5676044664;nan;nan
0;0;(nan, nan);(nan, nan);5676053002;nan;nan
1;0;(0.4255363643169403, 0.36545032262802124);(nan, nan);5676061386;nan;nan
1;1;(0.42699915170669556, 0.3707282841205597);(-0.13466762006282806, 0.527023434638977);5676069718;nan;nan
0;0;(nan, nan);(nan, nan);5676077997;nan;nan
1;0;(0.42291200160980225, 0.37445178627967834);(nan, nan);5676086347;nan;nan
1;0;(0.4214956760406494, 0.3708759844303131);(nan, nan);5676094659;nan;nan
0;0;(nan, nan);(nan, nan);5676103026;nan;nan
1;0;(0.42220669984817505, 0.36732184886932373);(nan, nan);5676111323;nan;nan
1;0;(0.42305639386177063, 0.3673170208930969);(nan, nan);5676119656;nan;nan
0;0;(nan, nan);(nan, nan);5676128047;nan;nan
1;0;(0.42394906282424927, 0.36769792437553406);(nan, nan);5676136322;nan;nan
1;0;(0.42295557260513306, 0.3686034083366394);(nan, nan);5676144676;nan;nan
0;0;(nan, nan);(nan, nan);5676153011;nan;nan
1;0;(0.42391979694366455, 0.3703010678291321);(nan, nan);5676161338;nan;nan
1;0;(0.42350834608078003, 0.36942553520202637);(nan, nan);5676169671;nan;nan
0;0;(nan, nan);(nan, nan);5676177990;nan;nan
1;0;(0.4234246015548706, 0.36580151319503784);(nan, nan);5676186318;nan;nan
1;0;(0.42467015981674194, 0.36282509565353394);(nan, nan);5676194649;nan;nan
0;0;(nan, nan);(nan, nan);5676202980;nan;nan
1;0;(0.4222540557384491, 0.3743295669555664);(nan, nan);5676211332;nan;nan
1;0;(0.4208575189113617, 0.37647151947021484);(nan, nan);5676219659;nan;nan
0;0;(nan, nan);(nan, nan);5676228002;nan;nan
1;0;(0.4220026731491089, 0.36535632610321045);(nan, nan);5676236352;nan;nan
1;0;(0.4229887127876282, 0.35993391275405884);(nan, nan);5676244658;nan;nan
0;0;(nan, nan);(nan, nan);5676252989;nan;nan
1;0;(0.4244418740272522, 0.36428752541542053);(nan, nan);5676261344;nan;nan
1;0;(0.4243443012237549, 0.36278820037841797);(nan, nan);5676269646;nan;nan
0;0;(nan, nan);(nan, nan);5676278050;nan;nan
1;0;(0.4226093888282776, 0.3629932999610901);(nan, nan);5676286358;nan;nan
1;1;(0.4205726385116577, 0.3729969263076782);(0.057218242436647415, 0.3037060797214508);5676294640;nan;nan
0;0;(nan, nan);(nan, nan);5676302984;nan;nan
1;0;(0.42133355140686035, 0.37490761280059814);(nan, nan);5676311303;nan;nan
1;0;(0.42391669750213623, 0.3694917559623718);(nan, nan);5676319635;nan;nan
0;0;(nan, nan);(nan, nan);5676327965;nan;nan
1;0;(0.426115483045578, 0.3661453127861023);(nan, nan);5676336348;nan;nan
