,ImagePath,StartTime,EndTime,ImageTime
0,./snippets/Final/ArraySum(CNL).png,0.005511045455932617,12.4013831615448,12.395872116088867
1,./snippets/Final/ArraySumresp(CNL).png,12.416508197784424,13.784173011779785,1.3676648139953613
2,./snippets/Final/BubbleSort(WIC).png,14.956812143325806,15.534603118896484,0.5777909755706787
3,./snippets/Final/BubbleSortresp(WIC).png,15.539981126785278,16.000709056854248,0.4607279300689697
4,./snippets/Final/NumberCheck(WOC).png,16.423874139785767,17.217019081115723,0.793144941329956
5,./snippets/Final/NumberCheckresp(WOC).png,17.222522020339966,17.499808073043823,0.2772860527038574
6,./snippets/Final/ContainsSubstring(CNL).png,17.79073715209961,18.617176055908203,0.8264389038085938
7,./snippets/Final/ContainsSubstringresp(CNL).png,18.622908115386963,18.983201026916504,0.360292911529541
8,./snippets/Final/Power(WIC).png,19.32286310195923,20.267199993133545,0.9443368911743164
9,./snippets/Final/Powerresp(WIC).png,20.272686004638672,20.567488193511963,0.294802188873291
10,./snippets/Final/BinaryConversion(WOC).png,20.840184211730957,21.417031049728394,0.5768468379974365
11,./snippets/Final/BinaryConversionresp(WOC).png,21.422144174575806,21.71606206893921,0.2939178943634033
12,./snippets/Final/MultiplyMatrix(CNL).png,22.056987047195435,22.717814207077026,0.6608271598815918
13,./snippets/Final/MultiplyMatrixresp(CNL).png,22.723304986953735,22.966833114624023,0.24352812767028809
14,./snippets/Final/PrimeNumber(WIC).png,23.306797981262207,23.90104103088379,0.594243049621582
15,./snippets/Final/PrimeNumberresp(WIC).png,23.906190156936646,24.166954040527344,0.26076388359069824
