,ImagePath,StartTime,EndTime,ImageTime
0,./snippets/Final/ArraySum(CNL).png,0.003290891647338867,26.66809582710266,26.664804935455322
1,./snippets/Final/ArraySumresp(CNL).png,26.67768883705139,36.984702825546265,10.307013988494873
2,./snippets/Final/BubbleSort(WIC).png,40.47408485412598,91.20018601417542,50.72610116004944
3,./snippets/Final/BubbleSortresp(WIC).png,91.20789790153503,106.58292889595032,15.375030994415283
4,./snippets/Final/NumberCheck(WOC).png,109.70574903488159,145.4995539188385,35.79380488395691
5,./snippets/Final/NumberCheckresp(WOC).png,145.50772285461426,164.38191485404968,18.874191999435425
6,./snippets/Final/ContainsSubstring(CNL).png,168.67038583755493,223.31440901756287,54.644023180007935
7,./snippets/Final/ContainsSubstringresp(CNL).png,223.3219509124756,240.3137469291687,16.991796016693115
8,./snippets/Final/Power(WIC).png,241.20304799079895,281.8137948513031,40.61074686050415
9,./snippets/Final/Powerresp(WIC).png,281.8214998245239,307.0295879840851,25.208088159561157
10,./snippets/Final/BinaryConversion(WOC).png,308.33537101745605,343.56253385543823,35.22716283798218
11,./snippets/Final/BinaryConversionresp(WOC).png,343.5693008899689,348.7121820449829,5.142881155014038
12,./snippets/Final/MultiplyMatrix(CNL).png,350.81866788864136,371.562166929245,20.743499040603638
13,./snippets/Final/MultiplyMatrixresp(CNL).png,371.56989192962646,385.66179394721985,14.091902017593384
14,./snippets/Final/PrimeNumber(WIC).png,390.4688069820404,422.47793889045715,32.00913190841675
15,./snippets/Final/PrimeNumberresp(WIC).png,422.4860589504242,427.5274019241333,5.0413429737091064
