,ImagePath,StartTime,EndTime,ImageTime
0,./snippets/Final/ArraySum(CNL).png,0.004574775695800781,14.268420934677124,14.263846158981323
1,./snippets/Final/ArraySumresp(CNL).png,14.281402826309204,14.936887979507446,0.6554851531982422
2,./snippets/Final/BubbleSort(WIC).png,15.458454847335815,24.08499789237976,8.626543045043945
3,./snippets/Final/BubbleSortresp(WIC).png,24.091381788253784,25.833850860595703,1.742469072341919
4,./snippets/Final/NumberCheck(WOC).png,27.85682487487793,29.001086950302124,1.1442620754241943
5,./snippets/Final/NumberCheckresp(WOC).png,29.00776982307434,32.5672287940979,3.5594589710235596
6,./snippets/Final/ContainsSubstring(CNL).png,33.15632677078247,34.501102924346924,1.3447761535644531
7,./snippets/Final/ContainsSubstringresp(CNL).png,34.50863790512085,35.13375687599182,0.6251189708709717
8,./snippets/Final/Power(WIC).png,35.89004683494568,36.783933877944946,0.8938870429992676
9,./snippets/Final/Powerresp(WIC).png,36.790435791015625,37.3666889667511,0.5762531757354736
10,./snippets/Final/BinaryConversion(WOC).png,37.839807987213135,38.55062699317932,0.7108190059661865
11,./snippets/Final/BinaryConversionresp(WOC).png,38.55706286430359,39.08398485183716,0.5269219875335693
12,./snippets/Final/MultiplyMatrix(CNL).png,39.42467379570007,45.784326791763306,6.359652996063232
13,./snippets/Final/MultiplyMatrixresp(CNL).png,45.791377782821655,46.14955377578735,0.35817599296569824
14,./snippets/Final/PrimeNumber(WIC).png,46.622994899749756,48.06782579421997,1.4448308944702148
15,./snippets/Final/PrimeNumberresp(WIC).png,48.074506998062134,48.533262968063354,0.4587559700012207
