,ImagePath,StartTime,EndTime,ImageTime
0,./snippets/Final/ArraySum(CNL).png,0.0060770511627197266,14.099847078323364,14.093770027160645
1,./snippets/Final/ArraySumresp(CNL).png,14.113637924194336,18.77286195755005,4.659224033355713
2,./snippets/Final/BubbleSort(WIC).png,19.97640109062195,24.035501956939697,4.059100866317749
3,./snippets/Final/BubbleSortresp(WIC).png,24.04325294494629,26.689831018447876,2.646578073501587
4,./snippets/Final/NumberCheck(WOC).png,27.190747022628784,28.784220933914185,1.5934739112854004
5,./snippets/Final/NumberCheckresp(WOC).png,28.79227590560913,29.65087604522705,0.8586001396179199
6,./snippets/Final/ContainsSubstring(CNL).png,30.07102108001709,31.905668020248413,1.8346469402313232
7,./snippets/Final/ContainsSubstringresp(CNL).png,31.914304971694946,32.611932039260864,0.697627067565918
8,./snippets/Final/Power(WIC).png,33.419785022735596,34.34660506248474,0.9268200397491455
9,./snippets/Final/Powerresp(WIC).png,34.350934982299805,35.02633309364319,0.6753981113433838
10,./snippets/Final/BinaryConversion(WOC).png,35.51367712020874,36.74706697463989,1.2333898544311523
11,./snippets/Final/BinaryConversionresp(WOC).png,36.75515794754028,37.32024598121643,0.5650880336761475
12,./snippets/Final/MultiplyMatrix(CNL).png,38.075297117233276,38.98803901672363,0.9127418994903564
13,./snippets/Final/MultiplyMatrixresp(CNL).png,38.99655604362488,42.962238073349,3.965682029724121
14,./snippets/Final/PrimeNumber(WIC).png,43.42314791679382,44.33626198768616,0.913114070892334
15,./snippets/Final/PrimeNumberresp(WIC).png,44.344342947006226,44.73614811897278,0.39180517196655273
