,ImagePath,StartTime,EndTime,ImageTime
0,./snippets/Final/ArraySum(CNL).png,0.003425121307373047,4.068352222442627,4.064927101135254
1,./snippets/Final/ArraySumresp(CNL).png,4.078459024429321,5.50079607963562,1.4223370552062988
2,./snippets/Final/BubbleSort(WIC).png,6.107786178588867,6.785141229629517,0.6773550510406494
3,./snippets/Final/BubbleSortresp(WIC).png,6.791823148727417,16.200502157211304,9.408679008483887
4,./snippets/Final/NumberCheck(WOC).png,17.407514095306396,18.401336193084717,0.9938220977783203
5,./snippets/Final/NumberCheckresp(WOC).png,18.409316062927246,34.000959157943726,15.59164309501648
6,./snippets/Final/ContainsSubstring(CNL).png,34.689773082733154,37.36789417266846,2.6781210899353027
7,./snippets/Final/ContainsSubstringresp(CNL).png,37.37539505958557,38.4847891330719,1.1093940734863281
8,./snippets/Final/Power(WIC).png,38.90680503845215,39.86732006072998,0.960515022277832
9,./snippets/Final/Powerresp(WIC).png,39.87437319755554,41.03370714187622,1.1593339443206787
10,./snippets/Final/BinaryConversion(WOC).png,41.42334508895874,42.21832323074341,0.794978141784668
11,./snippets/Final/BinaryConversionresp(WOC).png,42.22493600845337,43.249733209609985,1.0247972011566162
12,./snippets/Final/MultiplyMatrix(CNL).png,43.65560007095337,44.40080404281616,0.745203971862793
13,./snippets/Final/MultiplyMatrixresp(CNL).png,44.408584117889404,45.45048213005066,1.0418980121612549
14,./snippets/Final/PrimeNumber(WIC).png,45.82420516014099,46.46769118309021,0.6434860229492188
15,./snippets/Final/PrimeNumberresp(WIC).png,46.475340127944946,47.46770405769348,0.9923639297485352
